,question,reponse
0,Quels sont les forfaits vacances disponibles ?,"Nos forfaits vacances répondent à tous vos besoins. Vous pouvez choisir votre forfait de façon à inclure l'un des services suivants :billets d'entrée aux Parcs Disneyséjour dans un hôtel Disney ou un hôtel partenairetransfert vers et depuis Disneylandcoupons repasen option : location d'un véhicule, repas avec les personnages Disney ou billets pour des spectacles et performances Disney (avec supplément)."
1,Comment supprimer les cookies Flash ?,"Voici comment modifier les paramètres Flash. Souvenez-vous que si vous désactivez des cookies Flash, vous n'aurez pas accès à de nombreuses fonctions qui rendent votre expérience plus efficace et certains de nos services ne fonctionneront pas correctement."
2,Quels types de restaurants trouve t-on dans les Parcs Disney ?,"Disneyland Paris dispose de plus de 65 restaurants et bars aux spécialités et tarifs divers. Vous pouvez découvrir tout un monde de délices culinaires, des snacks aux stands jusqu'aux dîners gourmets. Pour les gourmands, des buffets Tex-Mex et des barbecues vous sont proposés dans des cadres à thème. Vous pouvez également vous restaurer dans des chaînes internationales comme McDonalds et Starbucks. Vous pouvez même partager un repas avec des personnages Disney : réservez-le dès aujourd'hui !En savoir plus sur nos menus enfants et nos solutions pour les personnes ayant des besoins alimentaires particuliers"
3,Quels concerts y a-t-il actuellement au Disney Village ?,"Découvrez les superbes concerts qui se dérouleront bientôt au Disney Village. Il s'y passe toujours quelque chose de spécial, qu'il s'agisse d'événements irlandais pour la St Patrick ou de prestations des meilleurs musiciens de blues européens."
4,Comment connaître la disponibilité des chambres avant de finaliser ma réservation ?,"Vous pouvez consulter la disponibilité des chambres d'hôtel en temps réel grâce à notre service de réservation en ligne. Utilisez-le pour sélectionner vos dates de vacances, votre forfait, votre hôtel et le nombre de visiteurs. Cela vous permettra de connaître les disponibilités de cet hôtel à ce moment-là. Vous pourrez ensuite finaliser votre réservation ou lancer une nouvelle recherche."
5,Est-il possible de réserver une chambre d'hôtel sans billets d'accès au parc ?,"Oui, il est possible de réserver une nuit dans un Hôtel Disney sans billets.Contactez nos Conseillers Disney au  0 825 300 500 (Service 0,15 €/min + prix appel)."
6,"L’utilisation de perches télescopiques, utilisées notamment pour les selfies, est-elle autorisée dans les Parcs à Thèmes de Disneyland Paris ?","Non. Selon une règle de Walt Disney Parks and Resorts, l’utilisation de perches télescopiques pour appareils photos ou téléphones portables, utilisées notamment pour les selfies, est interdite dans les Parcs à Thèmes. Il est demandé aux Visiteurs de laisser les perches télescopiques dans leur voiture ou leur chambre d’hôtel à leur arrivée, ou de les ranger en consigne gratuite à Guest Storage, disponible à l’entrée des deux Parcs."
7,"J'ai déjà effectué ma réservation, Disneyland Paris ajustera-t-il mon tarif ?","Non. Disneyland Paris n'ajustera pas votre tarif si vous avez déjà effectué votre réservation, sauf si vous souhaitez modifier votre réservation."
8,Puis-je fumer dans les Parcs Disney ?,"Les espaces couverts et non couverts des Parcs à Thèmes sont non-fumeurs, des espaces extérieurs ont été spécialement aménagés à l'attention de nos visiteurs fumeurs. Ce règlement s'applique également aux cigarettes électroniques."
9,Quel est le meilleur moment pour visiter Disneyland Paris ?,"Avec ses attractions, spectacles et parades magiques ouverts toute l'année, c'est toujours le bon moment de visiter Disneyland Paris. Mais voici quelques conseils pour profiter au mieux de votre séjour.Si vous souhaitez visiter les Parcs quand il y a peu de visiteurs, planifiez un séjour commençant et se terminant en milieu de semaine (de mardi à jeudi) à partir de mi-janvier jusqu'à mi-mars ou entre mi-avril et mi-mai. L'avantage d'une visite planifiée quand le nombre de visiteurs est faible est que les temps d'attente sont plus courts. Cependant, il est possible que peu de spectacles et événements soient programmés au cours de ces périodes.Si vous souhaitez séjourner aux Parcs Disney quand les heures d'ouverture sont étendues et davantage de spectacles sont disponibles, planifiez votre visite le week-end ou un long week-end, pendant l'été ou au moment des événements de saison spéciaux. Au cours de ces périodes, il y a beaucoup plus de visiteurs dans les Parcs DisneyConsultez les événements de saison.Découvrez les heures d'ouverture des Parcs Disney.Recherchez des billets et réservez votre aventure Disney."
10,En quoi consistent les parades et spectacles saisonniers Disneyland Paris ?,"Vous pouvez consulter les spectacles et parades de saison à venir en ligne. Il se passe toujours quelque chose de palpitant, des apparitions d'Halloween à la magie de Noël. Ne manquez rien, réservez dès maintenant !"
11,Les jours de restrictions s’appliquent-t-ils si l’on séjourne dans un hôtel Disney ?,"Il n’y a pas de restrictions lorsque l’on séjourne dans un hôtel Disney. Sauf en cas d’achat d’un Pass Annuel Discovery, il n’est pas possible d’accéder aux Parcs les 2ème et 3ème jours suivant la production du PA définitif (même en cas de séjour dans un Hôtel Disney)."
12,Quelles sont les mesures de sécurité mises en place à Disneyland Paris ?,"Rien n’a plus d’importance que la sécurité de nos visiteurs et de nos employés. Nous travaillons en étroite collaboration avec les autorités compétentes et les forces de l’ordre, et ce depuis longtemps. Les mesures de sécurité sur le site ont été renforcées. Certaines de nos mesures sont visibles pour nos visiteurs (par exemple : le contrôle des sacs et les équipes de sécurité), mais d’autres resteront invisibles. Nous ne souhaitons pas commenter ces mesures afin de ne pas compromettre leur efficacité."
13,"Si je modifie ma réservation, devrai-je payer davantage à cause de l'augmentation de la TVA ?","Si vous modifiez votre réservation, le nouveau tarif des éléments modifiés inclura le changement de TVA."
14,Où trouver un plan de Disneyland Paris et des Parcs Disney ?,"Explorez les Parcs Disney à l'aide de notre carte interactive en ligne de Disneyland Paris. Vous pouvez planifier votre aventure avant votre arrivée en explorant le Parc Disneyland et le Parc Walt Disney Studios. Localisez votre hôtel Disney idéal et découvrez les attractions, spectacles, parades et restaurants qui vous intéressent.  Et le jour venu, à l'entrée du Parc, obtenez une carte détaillée aux guichets des parcs Disney et au City Hall du Parc Disneyland."
15,Où puis-je me rendre si mon enfant se blesse ou a besoin de soins médicaux ?,"En cas d'urgence, veuillez contacter votre Cast Member (employé Disney) le plus proche.Les centres de Premiers Soins se trouvent :Dans le Parc Disneyland : à Main Street U.S.A. près de Central Plaza.Dans le Parc Walt Disney Studios : derrière les Studio Services.Vous pouvez trouver les centres de Premiers Soins grâce à notre carte interactive de Disneyland Paris.Découvrez nos forfaits hôtels, Parcs et transfert convenant aux familles de tous les âges.Découvrez plus de conseils malins sécurité pour votre famille sur le site dédié ""les aventuriers de la sécurité""."
16,Où puis-je voir les personnages Disney à Disneyland Paris ?,"Disneyland Paris abrite tous vos personnages Disney préférés, et de nombreuses attractions, spectacles et parades accueillent Mickey et ses amis.Vous trouverez les personnages Disney dans les deux Parcs aux lieux de rencontre dédiés et dans certains restaurants. Mais pour être sûr de vivre un moment magique, organisez un dîner que vos enfants n'oublieront jamais.En séjournant dans l’un des Hôtel Disney ou si vous êtes détenteur d’un Passeport Annuel Dream ou Fantasy (hors dates de restriction) ou d’un Pass Annuel Magic Plus ou Infinity, vous pourrez profiter de moments de magie supplémentaires dans nos Parcs Disney à thème tous les jours de votre séjour.  Les Moments de Magie en Plus sont l’occasion de rencontrer des Personnages Disney. Prenez la pose à leurs côtés et n'hésitez pas à leur demander des autographes, ils adorent rencontrer leurs amis du monde entier.* La durée des Moments de Magie en plus peut varier selon la date visite. Les Moments de Magie en plus peuvent avoir lieu soit dans le parc Disneyland soit au WDS selon votre date de visite. Consultez cette page pour plus d’informations."
17,Comment puis-je payer ma réservation pour Disneyland Paris ?,"Les paiements sur le site internet doivent être réalisés avec une carte de crédit ou une carte de débit internationale, incluant : la carte de paiement officielle de Disneyland Paris Mastercard ou Visa, Paypal, American Express, Carte bleue, JCB, UnionPay International.Les réservations effectuées plus de 30 jours avant la date d’arrivée peuvent également faire l’objet d’un règlement par chèque personnel émis par une banque française et établi à l’ordre d’Euro Disney Vacances ou par Chèques Vacances ou Chèques Cadeaux français (nous consulter pour connaître la liste des Chèques Cadeaux acceptés – pas de rendu de monnaie).Pour plus d’informations sur ces modes de paiement, contactez la centrale de réservation au  0 825 300 500 (Service 0,15 €/min + prix appel)."
18,Combien de temps faut-il prévoir pour visiter les deux Parcs Disney ?,"Nous recommandons de séjourner 3 jours complets. Deux jours pour le Parc Disneyland et ses cinq mondes magiques, une journée pour le Parc Walt Disney Studios et ses quatre zones pleines d'action. Mais pour profiter totalement de nos attractions, restaurants, spectacles et parades, performances en live au Disney Village et passer du temps au bord de la piscine de votre hôtel, pourquoi ne pas rester une semaine ?Recherchez des billets et réservez votre aventure Disney."
19,Comment puis-je payer le solde de ma réservation ?,"Pour payer votre solde, rendez-vous sur www.disneylandparis.com, dans la rubrique « Mon compte ». Si vous n’avez pas encore de compte, il est nécessaire d’en créer un.Rendez-vous dans l’onglet « Mes réservations » et renseignez le numéro de votre réservation ainsi que le nom d’un participant au séjour.Ces informations vous permettront d’accéder aux détails de votre réservation et procéder au paiement du solde."
20,Que faire si mon enfant se perd dans un Parc Disney ?,"Avisez-en immédiatement le Cast Member (employé Disney) le plus proche. Ils préviendront la sécurité et vous aideront à trouver votre enfant le plus rapidement possible.Il existe deux Rendez-vous Enfants Perdus :Dans le Parc Disneyland : entre le Plaza Gardens Restaurant et le poste de Premiers Soins.Dans le Parc Walt Disney Studios : à l'entrée, à côté des Studio Services.Découvrez plus de conseils malins sécurité pour votre famille sur le site dédié ""les aventuriers de la sécurité""."
21,Quelles sont les conditions générales du centre Accueil Animaux ?,"RÈGLEMENT INTÉRIEUR DU POINT ACCUEIL ANIMAUX BIENVENUE À DISNEYLAND PARISLE PRÉSENT RÈGLEMENT INTÉRIEUR DÉCRIT LES CONDITIONS GÉNÉRALES DE SERVICE APPLICABLES AU POINT ACCUEIL ANIMAUX :1. Animaux acceptés :1.1 L’Accueil Animaux est réservé aux chats et chiens des visiteurs de Disneyland Paris, à l’exception des chiens d’attaque (1ère catégorie) et des chiens de garde et de défense (2ème catégorie) définis selon l’article L211-12 du code rural français.Ces animaux sont accueillis pendant le séjour de leurs propriétaires à Disneyland Paris (Parc Disneyland, Parc Walt Disney Studios, Disney Village et Hôtels Disney), dans la limite des places disponibles.1.2 L’Accueil Animaux est réservé aux animaux identifiés par tatouage ou système d’identification électronique, dont toutes les vaccinations prescrites par les lois et règlements en vigueur sont à jour et peuvent être vérifiées comme telles.À défaut de présentation du passeport vétérinaire, carnet ou certificat de vaccinations de l’animal, le propriétaire atteste sur l’honneur et sous son entière responsabilité que les vaccinations nécessaires ont été réalisées.1.3 L’Accueil Animaux se réserve la possibilité de refuser l’accès aux animaux visiblement porteurs d’une maladie potentiellement contagieuse ou manifestant un comportement anormalement agressif.2. Nature de la prestation :2.1 La prestation de l’Accueil Animaux se limite à la mise à disposition d’une cage et à la fourniture d’eau. L’Accueil Animaux peut également procéder à la distribution ou fourniture de nourriture, en application des instructions données par le propriétaire de l’animal lors de son enregistrement.2.2 Une fiche d’enregistrement sera remplie par le propriétaire de l’animal, lequel devra y faire figurer toute observation pertinente pour le personnel de l’Accueil Animaux.Une copie de cette fiche sera remise au propriétaire, qui devra la présenter pour récupérer son animal.2.3 Il sera dû pour l’accueil de tout animal une redevance forfaitaire journalière, variant en fonction de la durée du séjour, payable :Par carte bancaire, au moment de l’enregistrement de l’animal au Point Accueil Animaux,En espèces à la Consigne ou à la Billetterie à l’entrée des Parcs à Thèmes, le reçu de paiement devra être alors présenté à la sortie de l’animal.2.4 Si un animal nécessite des soins urgents, l’Accueil Animaux notifiera son propriétaire. Si le propriétaire n’est pas joignable, l’Accueil Animaux est autorisé à mandater un vétérinaire, et à en répercuter les frais au propriétaire, nonobstant son absence d’accord préalable. 3. Obligations du propriétaire de l’animal :3.1 Promenade :Il appartient au propriétaire de promener son animal pendant la durée de son séjour à Disneyland Paris, le personnel de l’Accueil Animaux n’étant pas autorisé à assurer de promenade.Pour des raisons de sécurité, les animaux doivent obligatoirement être tenus en laisse sur l’ensemble du site de Disneyland Paris, à l’exception des cages et de l'aire de promenade situées dans l’enceinte du bâtiment de l’Accueil Animaux.Il est rappelé aux propriétaires qu’il est interdit de laisser son animal faire ses besoins dans les espaces verts du Parking Visiteurs à l’exception de l’aire de promenade.3.2 Accès aux cages :Une seule personne à la fois peut accéder aux cages.Il est interdit aux propriétaires de nourrir ou caresser les autres animaux accueillis par l’Accueil Animaux.3.3 Durée de l’accueil :Les propriétaires doivent respecter les horaires de l’Accueil Animaux.Ils s’engagent à récupérer leur animal au terme de leur séjour à Disneyland Paris.Tout animal non repris dans les vingt-quatre heures suivant la fin du séjour indiquée dans la fiche d’enregistrement sera considéré comme volontairement abandonné et remis aux autorités ou organismes compétents.Il est rappelé que, selon l’article 521-1 du code pénal français, l’abandon d’un animal domestique, ou apprivoisé, ou tenu en captivité, est puni de deux ans d'emprisonnement et de 30 000 euros d'amende.4. Responsabilités :4.1 La prestation n’implique aucun transfert de garde au sens de l’article 1385 du code civil français, de sorte que le propriétaire conserve tout pouvoir de contrôle, de direction et d’usage sur l’animal et demeure seul responsable de tout préjudice causé par celui-ci, en ce compris les préjudices matériels et immatériels causés à l’Accueil Animaux ou à ses préposés, aux autres utilisateurs de l’Accueil Animaux ou aux animaux accueillis ainsi qu’aux tiers.4.2 La société EURO DISNEY ASSOCIÉS SCA. et ses assureurs sont expressément déchargés de toute responsabilité quant aux maladies contractées ou dommages subis ou occasionnés à un animal lors de son séjour à l’Accueil Animaux et aux dommages causés par les animaux accueillis.5. Loi applicable :Le droit français s’applique de manière exclusive à toute convention soumise au présent règlement et à tout litige né à l’occasion du séjour d’un animal à l’Accueil Animaux.Pour tout renseignement complémentaire, merci de vous adresser directement à un employé de l’équipe Parking Visiteurs."
22,Quelles sont les coordonnées de Disneyland Paris ?,Consultez les coordonnées de Disneyland Paris.
23,Quelles sont les heures d'ouverture du Disney Village ?,Quelles sont les heures d'ouverture du Disney Village ?Disney Village est ouvert tous les jours à partir de 7h30. Vous pouvez profiter de la magie et faire la fête jusqu'à tard.Découvrez le programme du Disney Village.
24,Y a-t-il des choses à faire s'il pleut lors de mon séjour à Disneyland Paris ?,"Oui. Pas d'inquiétude, Disneyland Paris regorge d'attractions à l'abri de la pluie. Pour votre sécurité, l'accès à certaines attractions pourra être restreint sans avertissement préalable pour cause de conditions climatiques défavorables, comme en cas de fortes pluies ou de vents violents. Vous trouverez néanmoins de nombreuses boutiques, restaurants et spectacles couverts. Quel que soit le temps, votre séjour sera magique."
25,Les accompagnants d'un Pass Annuel Magic Plus ou Infinity peuvent-ils également profiter de l'accès dédié à l’entrée des parcs ?,Seuls les détenteurs d’un Pass Annuel Magic Plus et d’un Pass Annuel Infinity ainsi que les détenteurs d’un Billet Privilège pourront profiter de l’accès dédié à l’entrée des Parcs.
26,Avez-vous des accords spéciaux avec des sociétés de location de véhicules ?,"Oui. Disney a signé un partenariat avec Hertz afin de vous offrir un large choix de véhicules de location et de services exclusifs qui vous permettront de voyager en toute liberté.Découvrez nos forfaits hôtels, Parcs et transfert."
27,"Avec les Billets Privilèges, l’offre Billets Amis est-elle amenée à disparaître ?",Les Billets Privilèges sont disponibles en complément des offres ponctuelles Billets Amis.
28,Quels hôtels seront en cours de rénovation ou de remise en état au moment de ma visite ?,Consultez notre calendrier de remise en état actuel pour nos hôtels. Veuillez nous excuser si l'hôtel dans lequel vous souhaitez séjourner n'est pas disponible. Les rénovations permettent de garantir un fonctionnement répondant à nos exigences strictes pour chaque visiteur.
29,Quels types de cookies peuvent être utilisés sur le site Disneyland Paris ?,"Les cookies pouvant être utilisés sur notre site Web appartiennent aux quatre catégories décrites ci-dessous. Ces descriptions peuvent vous aider à décider du type d'interactions que vous souhaitez avoir avec notre site Web et d'autres services en ligne.Cookies strictement nécessairesCes cookies sont essentiels pour assurer votre capacité à naviguer sur ce site Web et à utiliser certaines fonctions. Sans ces cookies strictement nécessaires, les services en ligne que vous avez demandés, comme les paniers d'achat et l'affichage de votre facture au moment du passage de la commande, ne peuvent être fournis. Aucun consentement n'est requis pour les cookies strictement nécessaires, car ils sont requis pour que nous vous fournissions les services demandés.Cookies de performanceNous (ou les prestataires de service opérant pour notre compte) sommes susceptibles de placer des cookies de performance sur votre appareil. Les informations recueillies à l'aide de nos cookies de performance sont utilisées uniquement par nous ou pour notre compte. Nos cookies de performance recueillent des informations anonymes sur l'utilisation de ce site et de ses fonctions. Les informations recueillies peuvent être utilisées pour personnaliser votre expérience en ligne en vous montrant du contenu qui pourrait vous intéresser ou en limitant le nombre de fois que vous verrez la même publicité. Nos cookies de performance ne recueillent pas d'informations vous identifiant personnellement. Cependant, si vous avez un compte avec nous, les informations que nous avons recueillies par le biais de nos cookies de performance peuvent être associées à votre compte. Nous pouvons aussi autoriser les annonceurs tiers à placer leurs cookies de performance sur votre appareil via leurs publicités sur ce site Web. Les informations recueillies par ces cookies de performance tiers sont utilisées pour déterminer les publicités tierces à afficher sur ce site Web, la fréquence de leurs apparitions et les emplacements les plus efficaces sur ce site Web. Ces cookies de performance tiers ne recueillent pas d'informations vous identifiant personnellement. Nous vous avertissons et plaçons un lien vers notre politique relative aux cookies en bas de chaque page de ce site Web. En utilisant et en continuant d'utiliser ce site Web et ses fonctionnalités, vous donnez votre accord pour que nous (et les annonceurs tiers sur ce site Web) puissions placer des cookies de performance sur votre appareil.Cookies de fonctionnalitéNous (ou les prestataires de service opérant pour notre compte) pourrons placer des cookies de fonctionnalité sur votre appareil. Nous ne partageons pas les informations recueillies via nos cookies de fonctionnalité avec nos annonceurs ou avec des tiers. Nos cookies de fonctionnalité sont utilisés pour garder en mémoire les choix que vous effectuez (comme les préférences linguistiques, votre pays et d'autres paramètres Internet) et fournir les fonctionnalités personnalisées ou améliorées que vous sélectionnez. Nos cookies de fonctionnalité peuvent être utilisés pour vous fournir des services en ligne ou pour empêcher que des services en ligne vous soient proposés si vous avez précédemment indiqué que vous ne souhaitiez pas recevoir de telles offres. Nos cookies de fonctionnalité recueillent des informations anonymes. Cependant, si vous avez un compte avec nous, les informations que nous recueillons via nos cookies de fonctionnalité peuvent être associées à votre compte. Dans certains cas, nous pouvons autoriser un annonceur ou un tiers à vous fournir des contenus et autres expériences en ligne sur ce site Web ou des services en ligne. Dans ces cas-là, les tiers peuvent placer leurs cookies de fonctionnalité sur votre appareil et les utiliser de la même manière que nous utilisons les nôtres, afin de vous fournir des fonctionnalités personnalisées ou améliorées pour les contenus ou expériences tierces. En sélectionnant des options ou paramètres personnalisés ou des fonctionnalités améliorées, vous indiquez votre consentement à notre utilisation (et à l'utilisation par des tiers autorisés) des cookies de fonctionnalité afin de fournir ces expériences personnalisées. Si vous supprimez ces cookies de fonctionnalité, toutes préférences et tous paramètres sélectionnés ne seront pas gardés en mémoire lors de vos prochaines visites.Cookies de publicités ciblées tiercesDes cookies de publicités ciblées tierces peuvent être placés sur votre appareil par des annonceurs tiers, des réseaux d'annonceurs, des systèmes d'échange de données, des outils d'analyse marketing et d'autres prestataires de services. Les cookies de publicités ciblées tierces recueillent des informations sur votre activité de navigation sur plusieurs sites Web et services en ligne afin de vous fournir des publicités pertinentes sur nos sites Web et services en ligne et les sites Web et services en ligne de tiers. Les réseaux d'annonceurs peuvent partager ces données avec leurs annonceurs par l'intermédiaire de leur réseau. Les informations recueillies à l'aide de ces cookies de publicités tierces ne vous identifient pas personnellement."
30,Existe-t-il des visites guidées des Parcs Disney ?,"Oui. Des visites guidées sont organisées pour vous faire découvrir l'histoire et l'architecture du Parc Disneyland ou du Parc Walt Disney Studios. Vous pouvez également choisir de vous faire accompagner par un Guide VIP qui organisera votre journée selon vos envies : réservations de restaurants, places privilégiées pour les spectacles et parades... Grâce à lui, vous profiterez de la magie Disney en toute sérénité !Comment réserverJusqu’à 14 jours avant votre arrivée en contactant la Centrale de Réservation au 0 825 300 500 (Service 0,15 €/min + prix appel)Le jour J en vous dirigeant vers City Hall dans le Parc Disneyland"
31,Est-ce possible de modifier une réservation effectuée en ligne ?,Oui. Vous pouvez modifier rapidement et simplement des réservations effectuées en ligne en appelant notre bureau de réservation central. 
32,Comment changer mon pays de résidence ?,"En bas de l'écran, vous verrez un lien vous permettant de modifier votre pays. Cliquez dessus puis sélectionnez le bon pays de résidence. Cela vous dirigera vers la page d'accueil du pays correspondant et sauvegardera cette information pour vos visites ultérieures."
33,Où trouver des informations sur les limites de taille et d'âge pour les attractions de Disneyland Paris ?,"Disneyland Paris accueille les visiteurs de tous les âges et de toutes les tailles.  Si certaines attractions conviennent à tous, d'autres ne sont accessibles qu'à partir d'une certaine taille ou d'un certain âge. Vous pouvez consulter les restrictions en ligne ou consulter les symboles et informations présents devant chaque attraction à votre arrivée dans les Parcs.Découvrez plus de conseils malins sécurité pour votre famille sur le site dédié ""les aventuriers de la sécurité""."
34,Comment fêter un anniversaire à Disneyland Paris ?,"Disneyland Paris est le lieu idéal pour fêter un anniversaire. Avec tant d'attractions palpitantes, de boutiques et de restaurants, la fête sera inoubliable. Vous pouvez même organiser un gâteau dans la plupart des restaurants avec service à table ou buffets.De plus, vous pouvez inviter des Personnages Disney à participer à la fête à l'Auberge de Cendrillon, au Café Mickey et à Inventions. Découvrez nos forfaits hôtels, Parcs et transfert convenant aux familles de tous les âges."
35,Quels sont les horaires d'ouverture du Bureau Pass Annuel ?,"Le Bureau Pass Annuel et son équipe sont à votre disposition de 10h à 16h toute la semaine. (Horaires sujets à modification, consultez-nous)Toute son équipe est à votre disposition pour répondre à vos questions et vous renseigner."
36,Quels services sont disponibles pour les enfants et bébés dans les hôtels Disney ?,"Les enfants sont rois à Disneyland Paris ! Des chauffe-biberons aux services de babysitting, il existe toute une gamme de services pour leur offrir un séjour encore plus spécial et rendre le vôtre encore plus pratique.Trouvez votre forfait hôtel Disney de rêve et réservez votre séjour dès aujourd'hui !En savoir plus sur nos menus enfants et nos solutions pour les personnes ayant des besoins alimentaires particuliersDécouvrez plus de conseils malins sécurité pour votre famille sur le site dédié ""les aventuriers de la sécurité""."
37,Disney Village convient-il aux familles ?,"Oui. Il y a tout ce qu'il faut pour s'amuser en famille au Disney Village. Si les célibataires préféreront peut-être la vie nocturne, il existe de nombreuses options pour les familles. Vous y trouverez un cinéma 15 salles, des restaurants à thème comme le Annette's Diner et notre salle de jeux d'arcade Stadium. Il y a également une zone de shopping pleine de cadeaux et souvenirs pour tous les âges."
38,Quels sont les services proposés par le centre Accueil Animaux ?,"Le centre Accueil Animaux est un environnement accueillant et sécurisé pour votre animal de compagnie. Ils y trouveront de la nourriture et de l'eau. Cependant, nous ne sommes pas autorisés à promener votre animal.Les animaux guides sont les bienvenus sur la plupart des sites Disney. Les visiteurs accompagnés d'animaux guides doivent garder le contrôle de leur animal à tout moment et les tenir en laisse ou les équiper d'un harnais.Centre Accueil Animaux fermé du 16 septembre au 15 novembre 2019 inclus.Pour plus d'informations, reportez-vous au Règlement Intérieur du Point Accueil Animaux."
39,Puis-je désactiver/activer les cookies via mon navigateur ?,"Il existe de nombreux moyens de gérer les cookies et autres technologies de suivi. Via vos paramètres de navigateur, vous pouvez accepter ou refuser des cookies ou configurer votre navigateur de façon à ce qu'il vous demande l'autorisation avant d'accepter un cookie des sites Web que vous visitez. Nous vous informons que vous pourrez ne pas être en mesure d'utiliser toutes nos fonctionnalités interactives si vous configurez votre navigateur de sorte que les cookies soient entièrement désactivés. Si vous utilisez plusieurs ordinateurs à des emplacements différents, vous devrez vous assurer que chaque navigateur est paramétré selon vos préférences. Vous pouvez supprimer tous les cookies installés dans le dossier dédié aux cookies de votre navigateur. Différents navigateurs offrent différentes procédures de gestion de vos paramètres.Vous trouverez ici des instructions pour les navigateurs suivants :Microsoft Windows ExplorerGoogle ChromeMozilla FirefoxApple SafariSi vous n'utilisez aucun des navigateurs indiqués ci-dessus, vous pouvez sélectionner les cookies dans la fonction d'aide de votre navigateur pour trouver des informations sur l'emplacement du dossier dédié aux cookies."
40,Je suis handicapé. Est-ce que je bénéficie d'un accès spécial aux attractions et spectacles ?,"Oui. Vous pouvez obtenir de l'aide pour accéder aux attractions Disney avec une Carte d'accès. Elle vous permet un accès spécifique aux attractions, mais non immédiat selon l'affluence de nos visiteurs, sur l'ensemble de nos Parcs pour vous et vos accompagnateurs. Consultez nos Plans de l'Accessibilité dans les Parcs Disney.Découvrez quelles attractions vous conviennent.Découvrez nos forfaits hôtels, Parcs et transfert convenant aux visiteurs en situation de handicap."
41,Comment puis-je me procurer des tickets FASTPASS le jour de ma visite aux Parcs et diminuer le temps d’attente dans certaines attractions à succès ?,"Rendez-vous à l'entrée de l'attraction que vous souhaitez vivre.Là, vous avez le choix entre 2 files : la file d'attente traditionnelle (temps d'attente variable indiqué sur un panneau) ou l'accès FASTPASS.  Si vous choisissez l'accès FASTPASS, scannez votre Pass Annuel dans une borne spéciale, qui vous délivre automatiquement un ticket FASTPASS.C'est une réservation gratuite indiquant un créneau horaire durant lequel revenir : votre ""rendez-vous"" avec l'attraction indiquée est précisé sur le ticket. Ne le perdez pas ! "
42,Combien de mois sont offerts pour le parrainage de 3 filleuls effectué et validé avant le 28 mars 2017 et sur quels Pass Annuels ?,"Concernant l’offre de parrainage, si le parrain a validé ses 3 filleuls avant le 28 mars 2017 il bénéficiera, au moment de l’expiration de son passeport, de 12 mois gratuits.Si les 3 parrainages sont validés à partir du 29 mars il bénéficiera, au moment de l’expiration de son pass, de 6 mois gratuits.Pour les possesseurs de Passeports Annuels, l’offre de parrainage se fera selon la correspondance suivante :Classic -> DiscoveryFantasy -> Magic FlexDream -> Magic Plus"
43,Comment puis-je exercer mes droits sur les informations à caractère personnel que Disneyland Paris détient à mon sujet ?,"Vous disposez d'un certain nombre de droits, notamment le droit de modifier, supprimer ou demander l'accès à vos informations à caractère personnel, ainsi que le droit de modifier vos préférences marketing (ce qui comprend la possibilité de retirer votre consentement à tout moment). Veuillez consulter nos Règles de respect de la vie privée pour en savoir plus sur la façon dont nous gérons vos informations à caractère personnel, ou contactez customerservice@disney.co.uk."
44,Qu'est-ce que l'Express Check-out ?,L'Express Check-out vous permet de gagner du temps en vous permettant de quitter votre chambre sans repasser par la réception. Cela vous permet de profiter pleinement de votre séjour jusqu'à la dernière minute.Trouvez votre forfait hôtel Disney de rêve et réservez votre séjour dès aujourd'hui !
45,J'ai téléchargé un fichier texte mais je ne peux pas l'ouvrir. Que faire ?,Assurez-vous de disposer du bon programme ou plug-in pour accéder au fichier et qu'il est correctement installé.
46,Un visiteur enregistré peut-il décider de ne plus recevoir de communications ciblées ?,"Vous pouvez choisir à tout moment de ne plus recevoir de communications ciblées de notre part en vous connectant à votre compte enregistré et en choisissant de ne pas recevoir de communications marketing. Pour ne plus recevoir de publicités ciblées basées sur votre comportement en ligne sur ce site et d'autres sites Web, veuillez suivre les instructions fournies ci-dessus (concernant les publicités ciblées). Nous ne partagerons pas vos coordonnées avec nos annonceurs tiers sauf si vous nous en donnez la permission."
47,Le prix du parking est-il inclus dans le billet d'entrée ?,"Non. Le parking est payant (prix forfaitaire journalier). Les visiteurs séjournant dans les hôtels Disney et hôtels partenaires (sauf Adagio City, Apart'hotel Val d'Europe) peuvent se garer gratuitement dans le parking de leur hôtel.Découvrez nos forfaits hôtels, Parcs et transfert."
48,Le prix avec un paiement comptant ou mensuel est-il le même ?,"Oui, le paiement mensuel est disponible sans aucun frais de dossier ni coût supplémentaire. Ce mode de paiement est entièrement gratuit."
49,Qu'est-ce que Disney Village et que peut-on y faire ?,"Disney Village est une zone de divertissement à thème unique en Europe. Vous pouvez y acheter des cadeaux et souvenirs magiques, y dîner, acheter des snacks ou vous détendre autour d'un verre dans l'un des nombreux restaurants et bars à thème, découvrir des effets visuels et sonores au cinéma IMAX ou assister à des concerts de musique en direct, et bien plus encore. C'est une destination de vacances à elle seule. Ouvert jusqu'à tard."
50,Comment me rendre aux Parcs Disney depuis mon hôtel ?,"C'est très simple. Il vous suffit d'emprunter la navette Disneyland Paris gratuite.Les navettes Disneyland Paris partent toutes les 12 minutes, donc vous n'aurez jamais longtemps à attendre. Elles sont en service 7 jours sur 7 entre 6h30 et 23h.Vous pouvez descendre à n'importe quel hôtel Disneyland Paris ou en face de la gare SNCF à l'entrée de Disney VillageTous les Hôtels Disney (sauf le Disney’s Davy Crockett Ranch et Villages Nature Paris) sont accessibles à pieds depuis les Parcs Disney. Rendez-vous sur la page de l’hôtel pour plus d’informations.Les visiteurs ayant des besoins particuliers peuvent se rendre aux Parcs à l'aide de navettes adaptées (sauf au Disney’s Davy Crockett Ranch et Villages Nature Paris).Les navettes gratuites ne desservent pas le Disney’s Davy Crockett Ranch, Villages Nature Paris, le Golf Disneyland, ni le Disneyland Hotel. Néanmoins, pour les clients séjournant à Villages Nature Paris, il vous est possible d’utiliser une navette de transport public payante (durée du trajet : 25 min).Trouvez votre forfait hôtel Disney de rêve et réservez votre séjour dès aujourd'hui !"
51,Quelles sont les activités possibles à Disneyland Paris pour les vacances ?,"Disneyland Paris est une destination de vacances qui réunit tout ce qu'il vous faut pour vous évader le temps d'un séjour. Il vous suffit de faire vos valises !Disneyland Paris est une destination magique offrant :deux Parcs à thème fantastiques, le Parc Disneyland et le Parc Walt Disney Studios, regorgeant tous deux de mondes magiques, d'attractions et de découvertes fantastiques à chaque coin de rue ;leDisney Village est une excellente zone de divertissement avec des boutiques de renommée internationale, des restaurants succulents et des concerts et performances toute l'année ;les hôtels Disney, des chambres économiques aux suites de luxe, offrent un excellent rapport qualité/prix et de nombreux services ;plus de 50 restaurants, des classiques américains aux saveurs exotiques ;plus de 50 boutiques à explorer, contenant articles de collection et souvenirs Disney, jouets, cadeaux et vêtements de marque à prix réduits ;aires de sport et de loisirs sur site pour le golf, le football et la natation ainsi qu'un parcours d'aventure et bien plus encore.Réservez votre séjour en ligne dès aujourd'hui."
52,Y a-t-il des services spéciaux et des attractions pour les bébés et enfants en bas âge ?,"Oui ! Il y a de nombreuses attractions magiques, spectacles et services pour les enfants de tous les âges, qui font de Disneyland Paris la destination idéale pour les familles avec des bébés et enfants en bas âge. Les enfants en bas âge peuvent profiter de la magie d'un tour du monde grâce à ""it's a small world"", assister à un pow-wow à Frontierland Playground et bien plus encore. De plus, les parents avec des bébés peuvent profiter pleinement de leur visite grâce à Rider Switch, où votre partenaire et vous pouvez profiter l'un après l'autre des attractions sans avoir à refaire la queue, et grâce aux services de babysitting des hôtels.    Toutes nos attractions sont rigoureusement testées pour garantir que les visiteurs de tous les âges et de toutes les tailles profitent de leur séjour dans le confort et la sécurité.Découvrez nos forfaits hôtels, Parcs et transfert convenant aux familles de tous les âges."
53,Existe-t-il une garderie dans les Parcs Disney ?,"Non, il n'y a pas de garderie dans les Parcs Disney. Cependant, les parents souhaitant profiter des attractions ne convenant pas aux jeunes enfants peuvent bénéficier du Rider Switch, un service gratuit qui vous permet de prendre le relais sur une attraction sans avoir à refaire la queue. Les visiteurs séjournant dans les hôtels Disney* peuvent également profiter de notre service de babysitting. Veuillez vous adresser à la réception de votre hôtel Disney.* Le service Baby-Sitting n’est pas disponible pour les personnes séjournant à Villages Natures Paris.Découvrez nos forfaits hôtels, Parcs et transfert convenant aux familles de tous les âges."
54,Existe-t-il un service Objets trouvés dans les Parcs Disney ?,"Oui. Si vous perdez ou trouvez un objet au cours de votre aventure, rendez-vous dans l'un de nos points Objets trouvés :Au City Hall du Parc Disneyland ;à côté des Studio Services au Parc Walt Disney Studios.Repérez-les dès maintenant à l'aide de la carte interactive de Disneyland Paris."
55,Qu’est-ce que le Disney Check ?,"Disneyland Paris s’implique pour offrir à ses visiteurs des options nutritionnelles. Le Disney Check est un moyen rapide et facile pour les familles d’identifier davantage d’options nutritionnelles pour les repas des enfants âgés de 3 à 11 ans inclus avec une variété d’aliments et des portions appropriées.Recherchez le symbole Disney Check sur les menus enfants de nos restaurants service au comptoir.  Les menus qui ont le logo Disney Check…  ... contiennent au moins 2 portions de fruits et légumes. C’est notre façon d’aider les enfants à atteindre l’objectif de consommer « cinq fruits et légumes par jour ». Encourager vos enfants à manger des fruits et légumes est l’une des meilleures habitudes que vous pouvez leur enseigner. Les fruits et légumes sont riches en vitamines, minéraux et fibres et leur teneur en calories est faible. ... ont une faible teneur en graisses saturées. Conformément à la réglementation européenne, la teneur en graisses saturées n’est pas supérieure à 1.5 g par 100g de solide et produit moins de 10% de calories.  Nos chefs travaillent dur pour servir de délicieux repas Disney Check que votre enfant va adorer !"
56,Où changer des devises à Disneyland Paris ?,Il existe plusieurs endroits où changer des devises :Au Disney Village au bureau Travelexauprès de certains hôtels partenairesdans le Parc Disneyland : à l'intérieur de City Hallà la Gare de Marne-la-Vallée/Chessy : au bureau de PosteRepérez-les dès maintenant à l'aide de la carte interactive de Disneyland Paris.
57,Où trouver des informations sur les prix des forfaits vacances Disney ?,"Il existe plusieurs façons de découvrir le prix d'un forfait Disneyland Paris :en ligne : obtenez un devis pour des billets d'entrée aux Parcs Disney et des chambres dans les hôtels Disney ;par e-mail : obtenez un devis pour des billets d'entrée aux Parcs Disney, des chambres dans les hôtels Disney et des options vacances ;par téléphone :  0 825 300 500 (Service 0,15 €/min + prix appel)* ;en téléchargeant la grille tarifaire des forfaits.* Prix variable selon les opérateurs"
58,Puis-je trouver des repas végétariens dans les restaurants Disney ?,"Tous les restaurants Disney servent des plats végétariens, vous aurez l'embarras du choix.Si vous craignez que notre sélection d'options de restauration ne vous convienne pas, consultez nos services dédiés aux personnes ayant des besoins alimentaires particuliers.."
59,Quel est le meilleur moyen de se déplacer au sein de Disneyland Paris ?,"En empruntant la navette gratuite Disneyland Paris qui dessert tous les hôtels Disney (sauf le Disney’s Davy Crockett Ranch et Villages Nature Paris) et les Parcs Disney. Pour les visiteurs séjournant tout près de la magie, dans les hôtels situés à proximité de la ligne A du RER, le moyen le plus rapide d'aller aux Parcs Disney est d'utiliser les transports en commun. Vous pouvez acheter une carte 5 zones Paris Visite, qui vous donne accès à 1, 2 ou 3 jours consécutifs d'utilisation illimitée du système de transport en commun RATP de Paris/Ile de France.Vous pouvez également louer un véhicule chez Hertz, pour profiter de la liberté de découvrir les joyaux culturels de la région au cours de votre séjour. Nous recommandons particulièrement cette option si vous prévoyez de séjourner au Davy Crockett Ranch ou Villages Nature Paris, qui ne sont desservis par aucune navette gratuite vers les Parcs."
60,Combien de temps à l'avance puis-je commencer à organiser mon mariage Disney ?,"Vous pouvez commencer à planifier votre journée de rêve avec notre équipe de wedding planners professionnels entre 1 mois à 3 ans à l'avance, selon la disponibilité des espaces."
61,Puis-je réserver les offres proposées dans les autres pays?,"Oui, vous pouvez bénéficier des offres conçues pour d'autres pays. Pour cela, veuillez vous rendre sur les sites internet des autres pays ou contacter nos conseillers clientèle au 0 825 300 500 (Service 0,15 €/min + prix appel)."
62,Est-ce possible de prendre un repas avec des personnages Disney ?,"Bien sûr ! Les personnages Disney sont toujours heureux de partager un bon repas avec les visiteurs. Vous pouvez choisir entre le petit-déjeuner, le déjeuner et le dîner lorsque vous réservez votre repas avec des personnages Disney.Vous trouverez également des personnages Disney dans l'ensemble du Parc aux attractions et lieux de rencontre dédiés.Pourquoi ne pas fêter un anniversaire en mangeant du gâteau avec les personnages ?"
63,Faut-il payer pour entrer au Disney Village ?,"Non. L'entrée au Disney Village est gratuite, sauf en cas de spectacle spécial ou de parade de saison.Découvrez le programme du Disney Village.Découvrez les spectacles spéciaux et parades de saison du Disney Village."
64,Puis-je réserver les repas dans le cadre de mon forfait vacances ?,"Oui. Pour garder le contrôle sur votre budget et gagner du temps, vous pouvez pré-réserver vos formules repas en même temps que votre forfait vacances. Vous pouvez choisir parmi quatre formules repas pour une large variété d'excellents menus pré-définis, disponibles dans la plupart des restaurants Disney. Chaque menu comprend une entrée, un plat principal et un dessert. Vous pouvez également opter pour un buffet à volonté, selon le restaurant. Le prix de la formule repas varie selon la composition du menu.Simplifiez votre réservation davantage avec un forfait vacances Disneyland Paris."
65,"Puis-je réserver un forfait vacances comprenant les billets, l'hébergement et le transport ?","Oui. Laissez-nous nous occuper de tout en choisissant un forfait Disneyland Paris comprenant des billets d'entrée aux Parcs Disney, votre hébergement, et le transport vers et depuis Disneyland.Pour des vacances pleines de magie et sans soucis, vous pouvez également réserver nos formules repas et ajouter des options à votre forfait vacances, telles que la location d'un véhicule, des repas avec des personnages Disney ou des billets pour des spectacles et performances Disney spéciaux. Ces options ne peuvent être réservées qu'auprès de l'un de nos agents de réservation, par e-mail."
66,Où trouver les horaires des spectacles et parades ?,Vous pouvez consulter les horaires des spectacles et parades en ligne pour le Parc Disneyland et le Parc Walt Disney Studios. Vous pouvez également découvrir la programmation et les horaires aux guichets des Parcs Disney et au City Hall du Parc DisneylandLes spectacles et parades de saison sont extrêmement populaires. Réservez-les dès maintenant pour ne pas les manquer.
67,"J'ai une question mais je ne trouve pas la réponse dans cette rubrique, que puis-je faire?",Pour obtenir tout renseignement vous pouvez contacter notre ligne dédiée au Pass Annuel :France : n°Indigo 0 825 825 100 (0.15€ TTC / MN) disponible entre 11h et 19hBelgique : 078 156 024 (prix des appels selon le tarif national en vigueur)
68,"Je possède actuellement un Passeport Annuel Classic, Fantasy ou Dream et je souhaite l’échanger contre un nouveau Pass Annuel, existe-t-il un prix au prorata de jours restants ?","Non, il vous faudra vous acquitter de la totalité de la différence de prix entre votre Passeport et le Pass Annuel. La date de fin de validé reste celle indiquée sur l’ancien Passeport Annuel."
69,Comment se passe le paiement par acompte ?,"Si vous êtes éligible au paiement par acompte, vous aurez le choix, sur la page de paiement, entre le versement d’un acompte ou le paiement total du montant de la réservation.Sélectionnez le paiement par acompte et payez le montant affiché pour réserver votre séjour.La date limite pour régler le solde sera affichée sur la page de paiement et dans les e-mails de confirmation et de rappel."
70,Quelles sont les heures d'ouverture des Parcs Disney ?,"Consultez notre calendrier interactif des horaires des Parcs.Disneyland Paris est ouvert chaque jour de l'année. Toutefois, les heures d'ouverture varient selon les saisons et les Parcs peuvent rester ouverts plus tard pour des occasions spéciales.Séjournez dans un hôtel Disney et profitez de deux heures de magie supplémentaires dans les Parcs."
71,Puis-je ajouter des suppléments à un forfait Disneyland Paris ?,"Oui. Vous pouvez réserver des suites spéciales, des chambres pour personnes à mobilité réduite, plusieurs chambres, ou bien personnaliser votre forfait vacances avec des formules repas, des repas avec des personnages Disney ou encore des spectacles et performances Disney spéciaux, en appelant le 0  0 825 300 500 (Service 0,15 €/min + prix appel)*.* Prix variable selon les opérateurs"
72,Proposez-vous des repas halal ?,"Non. Pour vous régaler dans les restaurants Disney, nous vous proposons des alternatives végétariennes ou à base de poisson."
73,Où trouver le calendrier des événements se déroulant au Disney Village ?,"Découvrez les superbes événements qui se dérouleront bientôt au Disney Village. Pendant votre séjour, vous pouvez obtenir un calendrier d'événements à l'entrée du Disney Village."
74,Où trouver des descriptions et photos des hôtels Disney ?,Vous trouverez des descriptions détaillées et pourrez effectuer des visites virtuelles de tous les hôtels Disney dans la section correspondante de ce site Web.Trouvez votre forfait hôtel Disney de rêve et réservez votre séjour dès aujourd'hui !
75,Y a-t-il des places de parking réservées pour les visiteurs en situation de handicap ?,"Oui. Un petit nombre de places de parking sont réservées pour les visiteurs à mobilité réduite dans le Parking Visiteurs. Veuillez vous renseigner à l'entrée du Parking Visiteurs. Une carte européenne de stationnement doit être présentée lors de votre passage au péage pour y stationner. Si vous êtes un visiteur à mobilité réduite et séjournez dans l'un des hôtels Disney, nous vous conseillons de laisser votre véhicule au parking de votre hôtel Disney et d'utiliser la navette gratuite pour vos déplacements. Les minibus adaptés sont uniquement accessibles aux personnes en fauteuil roulant.Découvrez nos services dédiés aux visiteurs en situation de handicap."
76,Pouvons-nous réserver notre table à l'avance ?,"Oui. Vous pouvez réserver une table dans la plupart de nos restaurants. Il existe plusieurs façons de procéder :Jusqu'à 2 mois avant votre arrivée, en appelant notre service de réservation de restauration au 01 60 30 40 50 (prix d'un appel local)À votre arrivée, auprès de la réception de votre hôtel Disney.Ou directement auprès du restaurant."
77,"Avec un Pass Annuel Infinity, puis-je faire bénéficier de l'espace privilégié pour la parade et le show Disney Illuminations à mes invités Billets Privilèges, Billets Amis, autres détenteurs de Pass Annuel ou autres tickets ?",Non l’accès à l’espace privilégié est réservé aux détenteurs de Pass Annuels Infinity.
78,Où puis-je me garer à Disneyland Paris ?,"Vous pouvez vous garer au Parking Visiteurs situé à l'extérieur des parcs Disney. Vous devrez payer un prix forfaitaire journalier. Si vous séjournez dans l'un des hôtels Disney ou dans l'un des hôtels partenaires situés à proximité des Parcs Disney, vous pouvez garer gratuitement votre véhicule au parking de l'hôtel. Nous vous encourageons à utiliser la navette Disneyland Paris gratuite pour vous déplacer.Découvrez nos forfaits hôtels, Parcs et transfert."
79,"Si je fais des achats dans une boutique Disney, dois-je les porter toute la journée ?","Non. Il y a tellement de superbes boutiques pleines de cadeaux et souvenirs magiques à découvrir à Disneyland Paris que nous avons simplifié les choses pour vous avec un service de shopping mains libres GRATUIT. Au lieu de transporter vos achats partout avec vous, il vous suffit de les laisser dans la boutique afin de profiter des attractions des Parcs. Vous pouvez ensuite les récupérer après 18h au Disney Village à votre sortie des Parcs Disney, ou à la boutique de votre hôtel Disney après 20h. Pour plus d'informations, renseignez-vous auprès des boutiques et Hôtels Disney et des hôtels partenaires."
80,Comment déclarer un changement d'adresse ou autre situation ?,Tous changements dans la situation des Adhérents doivent être transmis par courrier à l'adresse suivante : Disneyland ParisBureau Pass Annuel77777 Marne-la-ValléeCedex 4 France
81,Où puis-je changer ou nourrir mon bébé ou réchauffer des biberons ?,"Vous pouvez prendre soin de votre bébé dans les Coins Bébés situés dans les deux Parcs Disney :Dans le Parc Disneyland : sur Main Street U.S.A. près du Plaza Gardens Restaurant.Dans le Parc Walt Disney Studios : derrière les Studio Services. Ces centres disposent également de couches et de nourriture pour bébés disponibles à la vente.De plus, la plupart des toilettes des Parcs sont équipées de tables à langer. Consultez votre plan des parcs Disney pour connaître leur emplacement exact ou localisez-les sur notre carte interactive de Disneyland Paris.Découvrez nos forfaits hôtels, Parcs et transfert convenant aux familles de tous les âges.Découvrez plus de conseils malins sécurité pour votre famille sur le site dédié ""les aventuriers de la sécurité""."
82,Puis-je sortir d'un parc Disney et revenir plus tard le même jour ?,"Oui. Vous pouvez aller et venir à votre guise. Vous pouvez retourner à votre hôtel pour une sieste ou un plongeon dans la piscine, ou pour aller explorer Disney Village. C'est le lieu idéal pour faire du shopping, manger quelque chose ou assister à des spectacles en live. Assurez-vous juste de ne pas vous séparer de votre billet d'entrée."
83,Suis-je éligible au paiement par acompte ?,"Si vous réservez votre hôtel plus de 30 jours avant votre date d’arrivée, vous pourrez payer en ligne un acompte au moment de la réservation et le solde en ligne 30 jours avant le début de votre séjour. À l’exception des forfaits non modifiables et non remboursables. Pour plus d’informations sur cette modalité de paiement, voir les conditions de vente."
84,Où trouver les tarifs des hôtels Disney ?,Il existe un hôtel Disney pour toutes les bourses à Disneyland Paris. Vous pouvez découvrir les tarifs via notre service de réservation en ligne pratique et sécurisé.Trouvez votre hôtel de rêve DisneyRéservez votre séjour dès aujourd'hui !
85,"J’ai bénéficié des mois gratuits de l’offre de Parrainage et je souhaite l’échanger contre un nouveau Pass Annuel, quel prix dois-je payer ?",Le détenteur doit s’acquitter du montant total du Pass Annuel souhaité.
86,"Une fois ma réservation effectuée, comment obtenir mes billets ?",Vos billets seront envoyés à l'adresse indiquée au moment de la réservation. Ils doivent être commandés au minimum 8 jours avant la date de votre visite.Réservez votre aventure de rêve à Disneyland Paris.
87,Le paiement en ligne est-il sécurisé ?,Oui. Les paiements effectués en ligne sur disneylandparis.com sont entièrement sécurisés. Notre service de réservation en ligne protège les informations que vous nous transmettez à l'aide de formulaires sécurisés et de systèmes certifiés par la norme SSL internationale. Ce système de chiffrage garantit une sécurité maximum pour les informations que vous envoyez via Internet.
88,Comment planifier une visite de groupe ?,Disneyland Paris est la destination idéale pour les groupes de toutes tailles. Planifiez votre visite de groupe en ligne. Rien de plus simple.
89,Y a-t-il un code vestimentaire à Disneyland Paris ?,"Une tenue correcte est exigée en toute circonstance ainsi que le port de chaussures, d'un haut et d'un bas.Nous nous réservons également le droit, à notre discrétion et à tout moment, de refuser l'accès ou de reconduire à l'extérieur de l'enceinte des parcs, toute personne portant une tenue, un maquillage ou un tatouage qui, entre autre, serait de nature à heurter la sensibilité des plus jeunes et d'un public familial, qu'Euro Disney Associés S.C.A considérerait comme inapproprié et qui pourrait encourager des interactions avec d'autres visiteurs ou les perturber en se faisant passer pour des personnages en costume. Il en est de même avec le port d'accessoires considérés comme pouvant impacter la sécurité dans nos attractions (capes, bâtons, ...).Pour des raisons de sécurité, le port d'une tenue ou masque recouvrant totalement le visage est interdit sauf pour raisons médicales.Il pourra être refusé l'accès à l'un ou l'autre des parcs pour non-respect de ces exigences vestimentaires.Lors d'événements spéciaux à thème, des règles spécifiques peuvent être appliquées. Merci d'en prendre connaissance sur les supports dédiés à ces événements."
90,De quels équipements est dotée ma chambre d'hôtel Disney ?,"Du coffre dans la chambre à la baignoire, les hôtels Disney sont dotés de nombreux équipements pour rendre votre séjour confortable et serein. Vous trouverez plus d'informations à ce sujet dans la section dédiée aux hôtels Disney sur ce site Web.Trouvez votre forfait hôtel Disney de rêve et réservez votre séjour dès aujourd'hui !"
91,Où trouver des informations sur les événements de saison et les offres spéciales ?,"Vous pouvez consulter nos événements de saison et offres spéciales et réserver vos billets en ligne.Il se passe toujours quelque chose de nouveau et de palpitant à Disneyland Paris. Chaque saison apporte son lot de découvertes et d'offres spéciales. Que vous programmiez votre première visite ou que vous veniez revivre la magie, votre expérience sera toujours unique et pleine de nouvelles aventures."
92,Puis-je garer mon camping-car dans le Parking Visiteurs ?,"Oui. Les campings-cars sont autorisés dans les parkings Disney. Un prix forfaitaire journalier vous sera demandé.Pour plus d'informations, reportez-vous au Règlement Intérieur du Parking Visiteurs."
93,Quels hôtels sont situés à proximité des Parcs Disney ?,"À pied ou avec la navette, la magie n'est jamais loin.Disneyland Hotel : aux portes du Parc Disneyland.Disney's Hotel New York : à dix minutes à pied.Disney's Sequoia Lodge : à 15 minutes à pied, 5 minutes en navette gratuite.Disney's Newport Bay Club : à 15 minutes à pied, 10 minutes en navette gratuite.Disney's Hotel Cheyenne : à 20 minutes à pied, 5 minutes en navette gratuite.Disney's Hotel Santa Fe : à 20 minutes à pied, 5 minutes en navette.Disney's Davy Crockett Ranch : à 15  minutes en voiture (pas de navette disponible).Villages Nature Paris : 15 minutes de trajet en voiture, 25 minutes de trajet en transport public payant.Les hôtels partenaires sont situés plus loin mais disposent d'une navette gratuite.Trouvez votre forfait hôtel Disney de rêve et réservez votre séjour dès aujourd'hui !"
94,Puis-je louer un fauteuil roulant à Disneyland Paris ?,"Oui. Il est possible de louer des fauteuils roulants au point de Location de Poussettes et de Fauteuils Roulants situé à Town Square Terrace, à côté de l'entrée du Parc Disneyland et aux Studio Services à l'entrée du Parc Walt Disney Studios.Les Cast Members (employés Disney) vous informeront des conditions et tarifs de location.Découvrez toutes les informations à connaître pour les visiteurs en situation de handicap."
95,Quel est le prix d'un billet pour le Parc Disneyland Paris et comment l'acheter ?,"Trouvez votre forfait séjour idéal, les prix des billets et des offres spéciales. Il y a plusieurs manières d'acheter des billets pour les Parcs Disney.En ligne :via notre centre de réservation pratique et sécurisé.En France : à l'entrée des Parcs Disney ;aux magasins FNAC à Paris ;aux guichets des principales stations RATP (métro) à Paris ;dans certains hôtels parisiens."
96,Notre budget est serré. Y a-t-il des restaurants moins chers dans les Parcs Disney ?,"Oui. Il existe des restaurants pour toutes les bourses. Pour des repas légers, nos stands et restaurants disposant d'un comptoir ou en libre-service sont les plus économiques. Vous avez la possibilité de vous restaurer dans nos restaurants buffets où vous bénéficierez d'un excellent rapport qualité/prix.Consultez les informations sur nos restaurants."
97,Comment réserver un forfait vacances Disney ?,"Réserver un forfait Disney est très simple grâce à notre centre de réservation en ligne sécurisé. Vous y trouverez toutes les informations dont vous avez besoin sur les forfaits disponibles, les tarifs, les événements de saison et les offres spéciales."
98,Comment les cookies peuvent-ils être utilisés pour les visiteurs enregistrés ?,"Nous pouvons analyser les activités en ligne de visiteurs enregistrés sur les sites Web et services en ligne en utilisant des cookies et d'autres technologies de suivi. Là où vous avez accepté de recevoir des communications de notre part, nous pouvons utiliser des cookies et d'autres technologies de suivi pour vous fournir des communications sur mesure qui reflètent vos intérêts. Nous pouvons également utiliser des cookies ou des technologies de suivi dans nos communications avec vous (par exemple pour voir s'ils ont bien été lus ou ouverts ou pour voir avec quel contenu vous interagissez et les liens sur lesquels vous cliquez) afin de mieux faire correspondre nos communications futures avec vos intérêts."
99,Quelles attractions seront en cours de rénovation ou de remise en état au cours de mon séjour ?,"Consultez notre calendrier de remise en état actuel ou regardez la liste à l'entrée du parc à votre arrivée. Bien que les activités ne manquent pas à Disneyland Paris, certaines attractions peuvent parfois être fermées pour cause de rénovation. Cela permet de garantir un fonctionnement répondant à nos exigences strictes toute l'année.Consultez le calendrier des rénovations en cours et à venir."
100,Y a-t-il des conditions à remplir pour laisser mon animal de compagnie dans un centre Accueil animaux ?,Votre animal doit être équipé d'une puce électronique et avoir été vacciné contre la rage (il y a plus d'un mois et moins d'un an). Un certificat délivré par un vétérinaire officiel et traduit en français vous sera demandé.En savoir plus sur notre Centre Accueil Animaux.
101,Où se trouve Disneyland Paris par rapport aux aéroports parisiens ?,"Disneyland est proche des aéroports Roissy/Charles-de-Gaulle et Orly :la navette Magical Shuttle dessert directement les deux aéroports parisiens 7 jours sur 7. Le trajet dure environ 45 minutes depuis les deux aéroports.Les visiteurs en fauteuil roulant doivent contacter Magical Shuttle par e-mail 48 heures avant leur arrivée afin de réserver une navette adaptée.Vous pouvez également louer une voiture pour aller ou venir des aéroports et en profiter pour explorer les joyaux culturels de la région. Disneyland Paris s'est associé à Hertz pour offrir aux visiteurs des services exclusifs afin que vous puissiez partir sur les routes et commencer l'aventure aussi vite que possible.Nous mettons également à votre disposition un service de voitures privées qui pourra prendre en charge tous vos déplacements entre les aéroports et les différents sites Disneyland Paris.Vous pouvez réserver ce service à l'avance en contactant Disney Special Activities par e-mail à dlp.disney.special.activities@disney.com.Découvrez nos forfaits hôtels, Parcs et transfert."
102,"Je vais prendre le train pour me rendre à Disneyland Paris, y a-t-il une gare à proximité des Parcs Disney ?","La gare ferroviaire de Marne-la-Vallée/Chessy est située juste à l'entrée des Parcs Disney et à 2 minutes seulement des hôtels Disney.Consultez notre carte interactive pour localiser la gare de Marne-la-Vallée/Chessy et voir à quel point elle est proche de la magie !Avec le service bagages Disney Express, vous serez plongé dans la magie Disney dès votre arrivée. Laissez vos sacs au guichet Disney Express à la gare, récupérez vos billets et nous déposerons vos bagages à l'hôtel pour que vous puissiez immédiatement profiter des Parcs.Découvrez nos forfaits hôtels, Parcs et transfert."
103,Quelles sont les conditions d'accessibilité pour les visiteurs en situation de handicap ?,"Disneyland Paris convient aux visiteurs en situation de handicap. Pour plus d'informations, reportez-vous aux Plans de l'Accessibilité dans les Parcs Disney.Nous disposons de services spéciaux pour les visiteurs présentant :des troubles auditifs;des troubles de la vision;une mobilité réduite;des troubles mentaux ou cognitifs;une épilepsie photosensible.Découvrez nos forfaits hôtels, Parcs et transfert convenant aux visiteurs en situation de handicap."
104,À quelle heure sont l'enregistrement et le départ dans les hôtels Disney ?,"L'enregistrement dans tous les Hôtels Disney et hôtels partenaires peut s’effectuer dès le matin du jour de votre arrivée (Sauf Villages Nature Paris dont le check in est possible à partir de 10h du matin). La chambre sera disponible à partir de 15h*. Vous pouvez déposer vos bagages à la consigne de l'hôtel (Sauf pour le Disney’s Davy Crockett Ranch et Villages Nature Paris). Vous pouvez ainsi profiter des Parcs.Le départ pour tous les hôtels Disney et les hôtels partenaires doit être effectué avant 11h**. Si vous souhaitez profiter d'une dernière journée magique dans les Parcs Disney, vous pourrez laisser vos bagages au service de consigne (Sauf pour le Disney’s Davy Crockett Ranch et Villages Nature Paris) jusqu'à votre départ. Si vous arrivez en train, vous pouvez profiter du service Disney Express.*Sauf pour le Radisson Blu Hotel et le Disney's Davy Crockett Ranch où la chambre sera disponible à partir de  16h00.**Sauf Villages Nature Paris dont le check out doit avoir lieu avant 10h du matin et au Radisson Blu Hotel avant 12h."
105,Puis-je acheter des billets d'entrée aux Parcs Disney sans les réserver à l'avance ?,"Oui. Vous pouvez acheter des billets aux guichets situés à l'entrée des Parcs Disney. Cependant, pourquoi ne pas vous éviter les tracas d'une organisation de dernière minute en consultant notre service de réservation en ligne et nos offres spéciales ?Pour encore plus de flexibilité, vous pouvez même acheter l'un de nos forfaits."
106,Proposez-vous des repas casher ?,Oui. Les restaurants Disney avec service à table seront heureux de servir des repas casher aux visiteurs qui le désirent. Veuillez en informer le restaurant au moins 48 heures à l'avance (les demandes effectuées du vendredi 14h au lundi 9h ne sont pas garanties) en contactant notre service central de réservation de restaurants au 01 60 30 40 50 (prix d'un appel local).
107,Comment réserver des billets d'entrée aux Parcs Disney ou un forfait vacances en ligne ?,Réserver votre aventure Disney est très simple. Vous pouvez acheter vos billets d'entrée aux Parcs Disney et votre forfait séjour 24 h/24 via notre service de réservation en ligne pratique et sécurisé.
108,Que sont les cookies et comment fonctionnent-ils ?,"Les cookies sont des ensembles de données qu'un site Web place sur votre appareil lorsque vous visitez un site. Ils peuvent entraîner la transmission d'information de notre part vers vous, de votre part vers nous, vers un tiers de notre part ou vers un tiers conformément à sa politique de confidentialité. Nous pouvons utiliser les cookies pour recueillir des informations à votre propos. Vous pouvez choisir d'être averti par votre appareil à chaque fois qu'un cookie est envoyé ou vous pouvez choisir de désactiver tous les cookies via les paramètres de votre navigateur. Cependant, si vous désactivez les cookies, certains de nos services ne fonctionneront pas correctement et vous n'aurez pas accès aux nombreuses fonctions qui rendent l'utilisation du site plus efficace.Que sont les cookies Flash ?Nous pouvons utiliser des objets partagés locaux, parfois connus sous le nom de cookies Flash, pour garder en mémoire vos préférences ou afficher des contenus basés sur ce que vous consultez sur notre site afin de personnaliser votre visite. Nos annonceurs et prestataires tiers peuvent également utiliser des cookies Flash pour recueillir et conserver des informations. Les cookies Flash sont différents des cookies de navigateur de par leur nombre, type et la manière dont les données sont conservées. Les outils de gestion des cookies fournis par votre navigateur ne supprimeront pas les cookies Flash. Si vous désactivez des cookies Flash, vous n'aurez pas accès à de nombreuses fonctions qui rendent votre expérience Disney plus efficace, et certains services ne fonctionneront pas correctement.Nous utilisons plusieurs catégories de cookies qui remplissent des fonctions différentes. Pour en savoir plus sur les cookies et leur fonctionnement, consultez le site informatif allaboutcookies.orgVeuillez consulter Comment supprimer les cookies Flash ? Si vous souhaitez désactiver les cookies Flash."
109,Que comprend le forfait vacances Disneyland Paris ?,"Les forfaits Disneyland Paris constituent l'un des meilleurs moyens de profiter de vacances relaxantes à la fois magiques et pratiques. Ces forfaits peuvent comprendre le transport, les hôtels, les formules repas, un FASTPASS et des Moments de Magie en Plus, qui réduisent vos dépenses et les aléas de votre séjour mais en conservent toute la magie. De plus, tous vos forfaits vous attendent à la réception, ce qui vous évite de faire la queue ou de voyager avec vos billets.Découvrez les forfaits vacances Disneyland Paris"
110,Où puis-je me rendre si je me blesse ou si j'ai besoin de soins médicaux ?,"En cas d'urgence, veuillez contacter votre Cast Member (employé Disney) le plus proche.Les centres de Premiers Soins se trouvent :Dans le Parc Disneyland : à Main Street, U.S.A. près de Central Plaza.Dans le Parc Walt Disney Studios : derrière les Studio ServicesVous pouvez trouver ces emplacements sur notre carte interactive de Disneyland Paris.Découvrez plus de conseils malins sécurité pour votre famille sur le site dédié ""les aventuriers de la sécurité""."
111,Comment le FASTPASS Disneyland Paris peut-il m'éviter de faire la queue ?,Le FASTPASS Disneyland Paris est un service qui permet de gagner du temps en réduisant le temps d'attente et en vous permettant d'accéder à certaines attractions en quelques minutes.
112,Puis-je me rendre à Disneyland Paris en transport en commun ?,"Oui. Depuis Paris, le moyen le plus simple et rapide de vous rendre au cœur de Disneyland Paris est de prendre le RER A, pour un trajet d'environ 35 minutes depuis la station Nation.Découvrez nos forfaits hôtels, parcs et transfert."
113,Où puis-je retirer de l'argent dans les Parcs ?,Il existe des distributeurs automatiques de billets à plusieurs endroits:Parc Disneyland : Discoveryland et AdventurelandParc Walt Disney Studios : à côté du Restaurant des StarsGare Marne-la-Vallée/Chessy station : au bureau de PosteAu Disney Village en face du restaurant The SteakhouseRepérez-les dès maintenant à l'aide de la carte interactive de Disneyland Paris.J'ai déjà de l'argent liquide mais je dois le changer contre des euros.
114,Où trouver des informations sur les prix des billets ?,"Trouvez votre forfait séjour idéal, les prix des billets et des offres spéciales."
115,Quels sont les avantages du Pass Annuel ?,"Pour consulter les avantages du Pass Annuel, cliquez-ici."
116,Les visiteurs de l'hôtel Disney bénéficient-ils d'avantages particuliers au Disney Village ?,"Oui. Les visiteurs des hôtels Disney* bénéficient de nombreux privilèges particuliers au Disney Village, y compris :livraison de vos achats directement à votre hôtel Disney*, avec notre service de shopping gratuit, pour que vous n'ayez pas à porter vos sacs toute la journée ;les achats effectués au Disney Village peuvent être ajoutés directement à votre note d'hôtel quand vous utilisez la carte d'identité Disneyland Paris que vous aurez reçue à votre arrivée à l'hôtel** ;*Le service Shopping n’est pas disponible pour les personnes séjournant à Villages Nature Paris**Sauf Planet Hollywood, Rainforest Cafe, cinémas Gaumont, McDonald's et les Chariots Gourmands.Trouvez votre forfait hôtel Disney de rêve et réservez votre séjour dès aujourd'hui !"
117,Y a-t-il un endroit où je peux allaiter mon bébé ?,Oui. Les mères peuvent allaiter leur bébé au Coin Bébés dans le Parc Disneyland.Vous trouverez le Coin Bébés grâce à notre carte interactive de Disneyland Paris.Plus d'informations sur la visite de Disneyland Paris avec des enfants.
118,Est-il possible de recevoir un Pass Annuel directement chez soi ?,"Vous pouvez recevoir votre Pass Annuel directement chez vous, en l'achetant sur notre boutique en ligne en cliquant ici.Le délai d'envoi du Pass Annuel après réception de la demande complète est de 15 jours ouvrés pour la France métropolitaine et de 25 jours ouvrés pour les autres pays de la zone SEPA."
119,Qu'est ce que Masterpass ?,"Masterpass par Mastercard est un service de portefeuille numérique qui rend l’achat en ligne simple, pratique et sûr. Masterpass stocke toutes vos informations de paiement et de livraison dans un endroit central et sûr. Avec Masterpass, vous pouvez acheter, cliquer et commander en ligne plus vite.En savoir plus"
120,Puis-je réserver les mêmes forfaits en ligne et par téléphone ?,"Malheureusement, non. Notre service de réservation en ligne pratique et sécurisé vous permet d'acheter des billets d'entrée aux Parcs Disney et des forfaits séjours. Il vous permet de réserver des forfaits incluant le transport, l'hébergement, les billets d’entrée aux Parcs Disney, les formules repas, des repas avec les personnages Disney, l’entrée du/ des billets pour le spectacle La Légende de Buffalo Bill…avec Mickey et ses amis ! et certaines autres options telles qu’un dessert d’anniversaire.Si vous souhaitez réserver des suites spéciales, des chambres pour personnes à mobilité réduite, plusieurs chambres, ou bien personnaliser votre forfait vacances avec des spectacles et ou des performances Disney spéciaux, veuillez appeler le  0 825 300 500 (Service 0,15 €/min + prix appel) ou contacter nos agents de réservation par e-mail."
121,Comment postuler pour un travail à Disneyland Paris ?,"Disneyland Paris est toujours à la recherche de candidats qualifiés pour occuper des postes dans l'ensemble du Parc. Il vous suffit de consulter les postes vacants actuels, d'envoyer votre CV et de découvrir tous les avantages qu'offre un emploi à Disneyland Paris dès aujourd'hui."
122,Qu'y a-t-il à faire à Disneyland Paris ?,"Disneyland Paris est une destination de vacances magique offrant sensations et aventures aux visiteurs de tous les âges. Voici un aperçu de la magie qui vous attend :le Parc Disneyland et le Parc Walt Disney Studios regorgent de mondes magiques, d'attractions et de découvertes fantastiques à chaque coin de rue ;le Disney Village est une zone dédiée au divertissement avec des boutiques de renommée internationale, des restaurants succulents et des concerts et performances toute l'année ;les hôtels Disney, des chambres économiques aux suites de luxe, offrent un excellent rapport qualité/prix et de nombreux services ;plus de 50 restaurants, des classiques américains aux saveurs exotiques ;plus de 50 boutiques à explorer, contenant articles de collection et souvenirs Disney, jouets, cadeaux et vêtements de marque à prix réduits ;aires de sport et de loisirs sur site pour le golf, le football et la natation ainsi qu'un parcours d'aventure et bien plus encore.Réservez votre séjour en ligne dès aujourd'hui."
123,Puis-je apporter de la nourriture dans les Parcs Disney ?,"Les repas collectifs qui nécessitent une logistique particulière (glacière, table, emballages volumineux) sont interdits dans les parcs. Une zone de pique-nique est à votre disposition entre le parking et les entrées des parcs.Vous pouvez profitez encore plus de votre séjour avec nos différentes  offres de restaurations. Plus de 65 restaurants et bars pour tous les budgets sont proposés avec des décors et des menus originaux.Si vous craignez que notre sélection d'options de restauration ne vous convienne pas, consultez nos services dédiés aux personnes ayant des besoins alimentaires particuliers."
124,Pourquoi un message d'erreur s'affiche-t-il quand je clique sur un lien ou saisis l'adresse d'un site ou d'une page Web ?,"Il peut y avoir plusieurs raisons à cela :l'adresse de la page que vous avez demandée peut être incorrecte ou ne plus exister (message d'erreur Non trouvé);le serveur qui héberge le site Web peut être non disponible ou gérer trop de connexions simultanées (message d'erreur Serveur);la connexion au serveur d'hébergement peut être anormalement longue et entraîner l'arrêt de votre navigateur (message Délai dépassé).En fonction du message d'erreur, nous vous conseillons de :vous assurer que l'adresse du site ou de la page Web demandée est correcte;si la page expirée se trouve à la fin d'une procédure ou requête, recommencer la procédure à la première étape, ou reformuler votre requête;tenter de vous reconnecter ultérieurement."
125,Que signifie télécharger et comment télécharger des documents ?,"Télécharger est une procédure qui vous permet de copier des documents depuis Internet vers votre ordinateur. La méthode la plus simple pour télécharger un document à partir d'un site Web est de cliquer sur le lien du document. Selon la nature du document, il s'ouvrira automatiquement dans la fenêtre de votre navigateur ou sera sauvegardé sur votre ordinateur à l'endroit que vous aurez indiqué dans la fenêtre de téléchargement. Si vous disposez du programme correspondant, vous pourrez ensuite ouvrir le document téléchargé et le consulter à loisir sans vous connecter à Internet."
126,Comment trouver rapidement des informations sur un sujet particulier ? ,Consultez le plan du site. Il offre une vue d'ensemble sur l'organisation du site Web de Disneyland Paris et dresse une liste du contenu des différentes pages. Vous pouvez également saisir ce que vous recherchez dans la barre de recherche située dans le coin supérieur droit de la page.
127,Qu'est-ce que le FASTPASS Disneyland Paris et comment fonctionne-t-il ?,"Le Disneyland Paris FASTPASS est un service GRATUIT qui vous permet de profiter de nos attractions les plus populaires, telles que Hyperspace Mountain et Twilight Zone Tower of Terror™, avec un temps d'attente réduit ou inexistant. Il vous suffit pour cela d'insérer votre billet d'entrée dans la machine FASTPASS devant l'attraction que vous souhaitez faire et de revenir à l'heure qui vous est allouée pour profiter de l'attraction en quelques minutes.Les clients de certains hôtels Disney bénéficient d'un accès encore plus rapide grâce au VIP FASTPASS et à l'Hotel FASTPASS.Insérez un billet d'entrée aux Parcs Disney par personne dans la machine FASTPASS à l'entrée de l'attraction.Recevez votre ticket FASTPASS avec votre heure de retour allouée et profitez des Parcs Disney en attendant.Retournez à l'attraction à l'heure indiquée sur votre ticket FASTPASS et montez à bord en quelques minutes via l'entrée spéciale FASTPASS."
128,Y a-t-il un accès WiFi à Disneyland Paris?,"Oui ! Le WiFi gratuit est disponible dans certaines zones du resort, vous pouvez donc rester connectés, profiter un maximum de nos applications et partager vos aventures à Disneyland Paris avec votre famille et vos amis. Vous pouvez vous connecter dans le Parc Disneyland, le Parc Walt Disney Studios, dans les Hôtels Disney* et certaines zones de Disney Village.Pour plus de détails et d’informations sur le WiFi, rendez-vous sur la page WiFi.* Au Disney’s Davy Crockett Ranch, le WIFI n’est disponible que dans les espaces communs."
129,Est-ce que je vais recevoir une offre de renouvellement lorsque mon Pass Annuel arrivera à expiration ?,"Lorsque votre Pass Annuel arrivera à expiration, vous recevrez un e-mail ou un courrier postal avant la date d’expiration avec une offre de renouvellement 16 mois au prix de 12."
130,Que dois-je faire en cas de perte ou de vol de mon Pass Annuel ?,"L'Adhérent doit informer Disneyland Paris de la perte ou du vol de sa carte d'abonnement, dans les meilleurs délais, en se présentant au guichet Pass Annuel situé à l’extérieur des Parcs Disney ou par écrit à l’adresse suivante :Disneyland ParisPass Annuel par correspondanceBP 100 77777 Marne La ValléeCedex 4, FranceLe Pass Annuel sera désactivé et ne pourra plus être utilisé.Pour toute demande de remise en service d’un Pass Annuel perdu ou volé, le Membre devra se présenter au guichet Pass Annuel situé à l’extérieur des Parcs Disney, présenter sa pièce d’identité et payer la somme de 40 euros. Euro Disney délivrera alors un nouveau Pass Annuel. Aucun billet d’accès aux Parcs Disney ne sera délivré pour compenser la perte ou le vol d’un Pass Annuel.La responsabilité d’Euro Disney ne pourra en aucun cas être engagée en cas de perte ou vol du Pass Annuel."
131,Puis-je aller dans les Parcs et Hôtels Disney avec mon chien ou mon chat ?,"Non. Pour des raisons de santé et de sécurité, les animaux de compagnie (à l'exception des chiens guides pour malvoyants et personnes à mobilité réduite) sont interdits dans l'enceinte des Parcs et des Hôtels Disney. Vous pouvez cependant laisser votre animal de compagnie en de bonnes mains au centre Accueil Animaux."
132,Qu'est-ce que Disney Village et comment s'y rendre ?,"Disney Village est idéalement situé entre le Parc Disneyland, le Parc Walt Disney Studios et les hôtels Disney. Depuis votre hôtel Disney, la manière la plus simple de vous rendre au Disney Village est d'emprunter la navette Disneyland Paris. Elle vous déposera à l'entrée de Disney Village. Ce service est gratuit. La navette part toutes les 12 minutes et fonctionne 7 jours sur 7 entre 6h30 et 23h.Utilisez votre carte interactive pour localiser le Disney Village.Attention, ces navettes ne desservent pas le Davy Crockett Ranch, Villages Nature Paris, le Golf Disneyland et le Disneyland Hotel. Une navette en transport public (payant) est disponible pour accéder à Villages Nature Paris (25 minutes de trajet). Découvrez comment vous garer aux Parcs Disney."
133,Les restaurants de Disneyland Paris proposent-ils des menus pour enfants ?,"Oui. Vous trouverez des menus pour enfants dans la plupart des restaurants de Disneyland Paris. Une fois dans les Parcs, demandez directement aux restaurants.Vous pouvez également consulter des informations sur nos services dédiés aux personnes ayant des besoins alimentaires particuliers."
134,Je suis handicapé. Quelles attractions me conviennent ?,"Disneyland Paris est doté d'attractions convenant à tous les visiteurs. Beaucoup d'entre elles sont accessibles aux fauteuils roulants et d'autres nécessitent un transfert. Certaines attractions sont équipées de boucles magnétiques pour les malentendants. Vous pouvez découvrir en ligne quelles attractions vous conviendraient. Dans les Parcs, des symboles sont présents à côté de chaque attraction, signalant les limitations ou restrictions. Pour plus d'informations, reportez-vous aux Plans de l'Accessibilité dans les Parcs Disney.Découvrez toutes les informations à connaître pour les visiteurs en situation de handicap"
135,Quelles attractions conviennent à mon enfant ?,"Disneyland Paris est doté d'attractions convenant aux enfants de tous les âges. Les symboles et informations signalant des restrictions pour chaque attraction sont disponibles en ligne et à côté de chaque attraction dans les Parcs Disney.Les plus petits adoreront le tour du monde enchanté de ""it's a small world"", assister à un pow-wow sur les ponts de cordes et balançoires de Pocahontas - Le Village Indien et bien plus encore.Les enfants plus âgés et les adultes préféreront les frissons du Big Thunder Mountain, ou embarquer pour l'espace à Hyperspace Mountain et profiter de bien d'autres sites encore.Découvrez nos forfaits hôtels, Parcs et transfert convenant aux familles de tous les âges.Découvrez plus de conseils malins sécurité pour votre famille sur le site dédié ""les aventuriers de la sécurité""."
136,Que sont les Moments de Magie en Plus?,"En séjournant dans l’un des Hôtel Disney ou si vous êtes détenteur d’un Passeport Annuel Dream ou Fantasy (hors dates de restriction) ou un Pass Annuel Magic Plus (hors dates de restriction) ou Infinity, vous pourrez profiter de moments de magie supplémentaires dans nos Parcs Disney ! Vous bénéficierez d'un accès privilégié à plusieurs parties et attractions du Parc Disneyland et du Parc Walt Disney Studios. Les Moments de Magie en Plus sont également l’occasion de rencontrer des Personnages Disney. Prenez la pose à leurs côtés et n'hésitez pas à leur demander des autographes, ils adorent rencontrer leurs amis du monde entier. C'est le moment de graver des souvenirs inoubliables dans votre mémoire.* La durée des Moments de Magie en plus peut varier selon la date visite. Les Moments de Magie en plus peuvent avoir lieu soit dans le Parc Disneyland soit au Parc Walt Disney Studios selon votre date de visite. Consultez cette page pour plus d’informations."
137,"Je possède actuellement un Passeport Annuel Classic, Fantasy ou Dream, suis-je obligé(e) de le changer pour un nouveau Pass Annuel ?","Non, le Passeport Annuel est valide jusqu’à la date de fin de validé indiquée sur le Passeport, cependant vous pouvez l’échanger sous conditions contre le Pass Annuel de votre choix et vous recevrez une carte cadeau d’une valeur de 25€ à dépenser dans les restaurants et boutiques de Disneyland Paris**.**Offre valable du 29/03/17 au 02/11/17 inclus, uniquement au Bureau Pass Annuel. Echange de votre Passeport Annuel Classic, Fantasy, ou Dream contre un Pass Annuel de la nouvelle gamme (d’un montant supérieur), en vous acquittant de la différence de prix entre les deux. En cas de paiement mensuel, vous devez payer en une fois la différence de prix entre les deux Pass Annuels. L’échange ne modifie pas la date d’expiration de votre Pass Annuel (indiquée sur l’ancien Passeport Annuel)."
138,Les restaurants Disney répondent-ils à mes besoins alimentaires particuliers ?,"La plupart de nos restaurants avec service à table conviennent aux personnes ayant des besoins alimentaires particuliers. Veuillez en informer le restaurant à l'avance  (24h à l'avance pour les repas casher).En cas d'intolérances alimentaires ou de besoins alimentaires particuliers, consultez notre guide, rédigé par un diététicien, pour découvrir toutes les informations nécessaires sur les services disponibles dans nos différents restaurants."
139,Où se trouve le centre Accueil Animaux ?,Le centre Accueil Animaux se trouve à proximité du Parking Visiteurs. Vous pouvez le localiser dès maintenant grâce à notre carte interactive de Disneyland Paris.Les animaux guides sont les bienvenus sur la plupart des sites Disney. Les visiteurs accompagnés d'animaux guides doivent garder le contrôle de leur animal à tout moment et les tenir en laisse ou les équiper d'un harnais.Centre Accueil Animaux fermé du 16 septembre au 15 novembre 2019 inclus.Règlement Intérieur du Point Accueil Animaux.
140,"Je souffre d'intolérances alimentaires, où puis-je manger ?","Pas d'inquiétude. Les restaurants Disney sont heureux de servir des repas spéciaux aux personnes souffrant d'intolérances alimentaires. Veuillez en informer le restaurant à l'avance.Consultez notre guide, rédigé par un diététicien, pour découvrir toutes les informations nécessaires sur les services disponibles dans nos différents restaurants."
141,Est-il possible d’acheter un PhotoPass+ Annuel pour les détenteurs d’un Passeport Annuel de l’ancienne gamme en cours de validité?,"Oui, selon les conditions tarifaires en vigueur au moment de l’achat. Vous pouvez retrouver les tarifs sur la page PhotoPass+ Annuel."
142,Y a-t-il des poussettes dans les Parcs Disney ?,"Oui. Il est possible de louer des poussettes au point de Location de Poussettes et de Fauteuils Roulants situé à Town Square Terrace, à côté de l'entrée du Parc Disneyland et aux Studio Services à l'entrée du Parc Walt Disney Studios.Découvrez nos forfaits hôtels, Parcs et transfert convenant aux familles de tous les âges."
143,Quels films sont actuellement projetés au cinéma Gaumont ? ,"Rendez-vous sur le site Web du cinéma Gaumont pour consulter une liste des films et leurs horaires, y compris les projections sur écran géant IMAX."
